{
  "train": {
    "steps": [
      10,
      20,
      30,
      40,
      50,
      60,
      70,
      80,
      90,
      100,
      110,
      120,
      130,
      140,
      150,
      160,
      170,
      180,
      190,
      200,
      210,
      220,
      230,
      240,
      250
    ],
    "loss": [
      1.2523,
      1.069,
      1.0384,
      1.0505,
      0.9157,
      0.9385,
      1.0642,
      0.9786,
      0.9609,
      0.9242,
      0.9517,
      0.7679,
      0.869,
      0.86,
      0.862,
      0.812,
      0.8041,
      0.8464,
      0.9206,
      0.8271,
      0.8581,
      0.8288,
      0.8009,
      0.8024,
      0.8312
    ],
    "learning_rate": [
      1.9291338582677166e-05,
      1.8503937007874017e-05,
      1.7716535433070868e-05,
      1.692913385826772e-05,
      1.614173228346457e-05,
      1.5354330708661416e-05,
      1.456692913385827e-05,
      1.377952755905512e-05,
      1.2992125984251968e-05,
      1.2204724409448821e-05,
      1.141732283464567e-05,
      1.0629921259842522e-05,
      9.842519685039371e-06,
      9.05511811023622e-06,
      8.267716535433071e-06,
      7.480314960629922e-06,
      6.692913385826772e-06,
      5.905511811023622e-06,
      5.118110236220473e-06,
      4.330708661417324e-06,
      3.5433070866141735e-06,
      2.755905511811024e-06,
      1.968503937007874e-06,
      1.1811023622047246e-06,
      3.937007874015748e-07
    ],
    "epoch": [
      0.03937007874015748,
      0.07874015748031496,
      0.11811023622047244,
      0.15748031496062992,
      0.1968503937007874,
      0.23622047244094488,
      0.2755905511811024,
      0.31496062992125984,
      0.3543307086614173,
      0.3937007874015748,
      0.4330708661417323,
      0.47244094488188976,
      0.5118110236220472,
      0.5511811023622047,
      0.5905511811023622,
      0.6299212598425197,
      0.6692913385826772,
      0.7086614173228346,
      0.7480314960629921,
      0.7874015748031497,
      0.8267716535433071,
      0.8661417322834646,
      0.905511811023622,
      0.9448818897637795,
      0.984251968503937
    ]
  },
  "eval": {
    "steps": [
      10,
      20,
      30,
      40,
      50,
      60,
      70,
      80,
      90,
      100,
      110,
      120,
      130,
      140,
      150,
      160,
      170,
      180,
      190,
      200,
      210,
      220,
      230,
      240,
      250
    ],
    "loss": [
      1.1492995023727417,
      1.0591758489608765,
      1.0191624164581299,
      0.991769015789032,
      0.9741533398628235,
      0.9596542716026306,
      0.9466902613639832,
      0.9379644393920898,
      0.9300588965415955,
      0.9230092167854309,
      0.9138312339782715,
      0.9090260863304138,
      0.906141459941864,
      0.9051738977432251,
      0.9006199240684509,
      0.9002395868301392,
      0.8972319960594177,
      0.8948092460632324,
      0.8935269117355347,
      0.8915297985076904,
      0.8898438215255737,
      0.8886752724647522,
      0.8877807855606079,
      0.8873880505561829,
      0.8868902325630188
    ],
    "epoch": [
      0.03937007874015748,
      0.07874015748031496,
      0.11811023622047244,
      0.15748031496062992,
      0.1968503937007874,
      0.23622047244094488,
      0.2755905511811024,
      0.31496062992125984,
      0.3543307086614173,
      0.3937007874015748,
      0.4330708661417323,
      0.47244094488188976,
      0.5118110236220472,
      0.5511811023622047,
      0.5905511811023622,
      0.6299212598425197,
      0.6692913385826772,
      0.7086614173228346,
      0.7480314960629921,
      0.7874015748031497,
      0.8267716535433071,
      0.8661417322834646,
      0.905511811023622,
      0.9448818897637795,
      0.984251968503937
    ]
  }
}